time,value
0.0,-0.145
0.0027777777777777,-0.145
0.0055555555555555,-0.145
0.0083333333333333,-0.145
0.0111111111111111,-0.145
0.0138888888888888,-0.145
0.0166666666666666,-0.145
0.0194444444444444,-0.145
0.0222222222222222,-0.12
0.025,-0.135
0.0277777777777777,-0.145
0.0305555555555555,-0.15
0.0333333333333333,-0.16
0.0361111111111111,-0.155
0.0388888888888888,-0.16
0.0416666666666666,-0.175
0.0444444444444444,-0.18
0.0472222222222222,-0.185
0.05,-0.17
0.0527777777777777,-0.155
0.0555555555555555,-0.175
0.0583333333333333,-0.18
0.0611111111111111,-0.19
0.0638888888888888,-0.18
0.0666666666666666,-0.155
0.0694444444444444,-0.135
0.0722222222222222,-0.155
0.075,-0.19
0.0777777777777777,-0.205
0.0805555555555555,-0.235
0.0833333333333333,-0.225
0.0861111111111111,-0.245
0.0888888888888888,-0.25
0.0916666666666666,-0.26
0.0944444444444444,-0.275
0.0972222222222222,-0.275
0.1,-0.275
0.1027777777777777,-0.265
0.1055555555555555,-0.255
0.1083333333333333,-0.265
0.1111111111111111,-0.275
0.1138888888888888,-0.29
0.1166666666666666,-0.29
0.1194444444444444,-0.29
0.1222222222222222,-0.29
0.125,-0.285
0.1277777777777777,-0.295
0.1305555555555555,-0.305
0.1333333333333333,-0.285
0.1361111111111111,-0.275
0.1388888888888889,-0.275
0.1416666666666666,-0.28
0.1444444444444444,-0.285
0.1472222222222222,-0.305
0.15,-0.29
0.1527777777777778,-0.3
0.1555555555555555,-0.28
0.1583333333333333,-0.29
0.1611111111111111,-0.3
0.1638888888888889,-0.315
0.1666666666666666,-0.32
0.1694444444444444,-0.335
0.1722222222222222,-0.36
0.175,-0.385
0.1777777777777777,-0.385
0.1805555555555555,-0.405
0.1833333333333333,-0.455
0.1861111111111111,-0.485
0.1888888888888888,-0.485
0.1916666666666666,-0.425
0.1944444444444444,-0.33
0.1972222222222222,-0.22
0.2,-0.07
0.2027777777777777,0.12
0.2055555555555555,0.375
0.2083333333333333,0.62
0.2111111111111111,0.78
0.2138888888888888,0.84
0.2166666666666666,0.765
0.2194444444444444,0.52
0.2222222222222222,0.17
0.225,-0.165
0.2277777777777777,-0.365
0.2305555555555555,-0.435
0.2333333333333333,-0.425
0.2361111111111111,-0.37
0.2388888888888889,-0.33
0.2416666666666666,-0.325
0.2444444444444444,-0.335
0.2472222222222222,-0.345
0.25,-0.33
0.2527777777777777,-0.325
0.2555555555555555,-0.315
0.2583333333333333,-0.31
0.2611111111111111,-0.32
0.2638888888888889,-0.335
0.2666666666666666,-0.34
0.2694444444444444,-0.325
0.2722222222222222,-0.345
0.275,-0.335
0.2777777777777778,-0.33
0.2805555555555555,-0.335
0.2833333333333333,-0.33
0.2861111111111111,-0.325
0.2888888888888888,-0.33
0.2916666666666667,-0.33
0.2944444444444444,-0.345
0.2972222222222222,-0.355
0.3,-0.335
0.3027777777777777,-0.325
0.3055555555555556,-0.305
0.3083333333333333,-0.32
0.3111111111111111,-0.32
0.3138888888888889,-0.33
0.3166666666666666,-0.34
0.3194444444444444,-0.335
0.3222222222222222,-0.34
0.325,-0.345
0.3277777777777778,-0.355
0.3305555555555555,-0.355
0.3333333333333333,-0.34
0.3361111111111111,-0.33
0.3388888888888889,-0.33
0.3416666666666667,-0.33
0.3444444444444444,-0.34
0.3472222222222222,-0.35
0.35,-0.325
0.3527777777777778,-0.325
0.3555555555555555,-0.33
0.3583333333333333,-0.33
0.3611111111111111,-0.335
0.3638888888888889,-0.335
0.3666666666666666,-0.34
0.3694444444444444,-0.33
0.3722222222222222,-0.34
0.375,-0.35
0.3777777777777777,-0.355
0.3805555555555555,-0.35
0.3833333333333333,-0.345
0.3861111111111111,-0.33
0.3888888888888889,-0.32
0.3916666666666666,-0.335
0.3944444444444444,-0.33
0.3972222222222222,-0.345
0.4,-0.33
0.4027777777777778,-0.335
0.4055555555555555,-0.335
0.4083333333333333,-0.345
0.4111111111111111,-0.345
0.4138888888888888,-0.355
0.4166666666666667,-0.34
0.4194444444444444,-0.34
0.4222222222222222,-0.335
0.425,-0.33
0.4277777777777777,-0.35
0.4305555555555556,-0.35
0.4333333333333333,-0.345
0.4361111111111111,-0.335
0.4388888888888889,-0.335
0.4416666666666666,-0.335
0.4444444444444444,-0.35
0.4472222222222222,-0.355
0.45,-0.355
0.4527777777777778,-0.345
0.4555555555555555,-0.345
0.4583333333333333,-0.335
0.4611111111111111,-0.35
0.4638888888888889,-0.36
0.4666666666666667,-0.36
0.4694444444444444,-0.36
0.4722222222222222,-0.365
0.475,-0.36
0.4777777777777778,-0.37
0.4805555555555555,-0.385
0.4833333333333333,-0.37
0.4861111111111111,-0.36
0.4888888888888889,-0.355
0.4916666666666666,-0.36
0.4944444444444444,-0.375
0.4972222222222222,-0.375
0.5,-0.365
0.5027777777777778,-0.365
0.5055555555555555,-0.36
0.5083333333333333,-0.36
0.5111111111111111,-0.365
0.5138888888888888,-0.37
0.5166666666666667,-0.355
0.5194444444444445,-0.33
0.5222222222222223,-0.325
0.525,-0.325
0.5277777777777778,-0.335
0.5305555555555556,-0.34
0.5333333333333333,-0.315
0.5361111111111111,-0.3
0.5388888888888889,-0.3
0.5416666666666666,-0.29
0.5444444444444444,-0.295
0.5472222222222223,-0.29
0.55,-0.285
0.5527777777777778,-0.275
0.5555555555555556,-0.255
0.5583333333333333,-0.25
0.5611111111111111,-0.25
0.5638888888888889,-0.265
0.5666666666666667,-0.255
0.5694444444444444,-0.245
0.5722222222222222,-0.23
0.575,-0.245
0.5777777777777777,-0.245
0.5805555555555556,-0.255
0.5833333333333334,-0.255
0.5861111111111111,-0.24
0.5888888888888889,-0.25
0.5916666666666667,-0.255
0.5944444444444444,-0.245
0.5972222222222222,-0.255
0.6,-0.25
0.6027777777777777,-0.25
0.6055555555555555,-0.265
0.6083333333333333,-0.26
0.6111111111111112,-0.26
0.6138888888888889,-0.265
0.6166666666666667,-0.27
0.6194444444444445,-0.265
0.6222222222222222,-0.26
0.625,-0.275
0.6277777777777778,-0.28
0.6305555555555555,-0.29
0.6333333333333333,-0.275
0.6361111111111111,-0.27
0.6388888888888888,-0.26
0.6416666666666667,-0.28
0.6444444444444445,-0.28
0.6472222222222223,-0.285
0.65,-0.275
0.6527777777777778,-0.275
0.6555555555555556,-0.265
0.6583333333333333,-0.27
0.6611111111111111,-0.285
0.6638888888888889,-0.29
0.6666666666666666,-0.28
0.6694444444444444,-0.275
0.6722222222222223,-0.285
0.675,-0.28
0.6777777777777778,-0.3
0.6805555555555556,-0.3
0.6833333333333333,-0.305
0.6861111111111111,-0.295
0.6888888888888889,-0.3
0.6916666666666667,-0.31
0.6944444444444444,-0.31
0.6972222222222222,-0.305
0.7,-0.295
0.7027777777777777,-0.285
0.7055555555555556,-0.285
0.7083333333333334,-0.29
0.7111111111111111,-0.295
0.7138888888888889,-0.31
0.7166666666666667,-0.29
0.7194444444444444,-0.295
0.7222222222222222,-0.3
0.725,-0.305
0.7277777777777777,-0.31
0.7305555555555555,-0.325
0.7333333333333333,-0.31
0.7361111111111112,-0.3
0.7388888888888889,-0.29
0.7416666666666667,-0.31
0.7444444444444445,-0.325
0.7472222222222222,-0.33
0.75,-0.315
0.7527777777777778,-0.3
0.7555555555555555,-0.305
0.7583333333333333,-0.31
0.7611111111111111,-0.32
0.7638888888888888,-0.33
0.7666666666666667,-0.325
0.7694444444444445,-0.315
0.7722222222222223,-0.31
0.775,-0.305
0.7777777777777778,-0.305
0.7805555555555556,-0.31
0.7833333333333333,-0.3
0.7861111111111111,-0.305
0.7888888888888889,-0.29
0.7916666666666666,-0.3
0.7944444444444444,-0.3
0.7972222222222223,-0.305
0.8,-0.305
0.8027777777777778,-0.29
0.8055555555555556,-0.28
0.8083333333333333,-0.295
0.8111111111111111,-0.305
0.8138888888888889,-0.315
0.8166666666666667,-0.305
0.8194444444444444,-0.295
0.8222222222222222,-0.29
0.825,-0.28
0.8277777777777777,-0.27
0.8305555555555556,-0.275
0.8333333333333334,-0.275
0.8361111111111111,-0.27
0.8388888888888889,-0.25
0.8416666666666667,-0.25
0.8444444444444444,-0.255
0.8472222222222222,-0.225
0.85,-0.22
0.8527777777777777,-0.205
0.8555555555555555,-0.2
0.8583333333333333,-0.205
0.8611111111111112,-0.215
0.8638888888888889,-0.23
0.8666666666666667,-0.22
0.8694444444444445,-0.225
0.8722222222222222,-0.225
0.875,-0.225
0.8777777777777778,-0.23
0.8805555555555555,-0.235
0.8833333333333333,-0.24
0.8861111111111111,-0.235
0.8888888888888888,-0.22
0.8916666666666667,-0.21
0.8944444444444445,-0.205
0.8972222222222223,-0.245
0.9,-0.285
0.9027777777777778,-0.285
0.9055555555555556,-0.3
0.9083333333333332,-0.31
0.9111111111111112,-0.33
0.9138888888888888,-0.33
0.9166666666666666,-0.325
0.9194444444444444,-0.315
0.9222222222222224,-0.32
0.925,-0.315
0.9277777777777778,-0.325
0.9305555555555556,-0.34
0.9333333333333332,-0.345
0.9361111111111112,-0.34
0.9388888888888888,-0.34
0.9416666666666668,-0.35
0.9444444444444444,-0.345
0.9472222222222222,-0.355
0.95,-0.33
0.9527777777777776,-0.335
0.9555555555555556,-0.33
0.9583333333333334,-0.32
0.9611111111111112,-0.345
0.9638888888888888,-0.355
0.9666666666666668,-0.34
0.9694444444444444,-0.33
0.9722222222222222,-0.325
0.975,-0.33
0.9777777777777776,-0.35
0.9805555555555556,-0.365
0.9833333333333332,-0.36
0.9861111111111112,-0.38
0.9888888888888888,-0.425
0.9916666666666668,-0.445
0.9944444444444444,-0.475
0.9972222222222222,-0.51
1.0,-0.535
1.0027777777777778,-0.505
1.0055555555555555,-0.415
1.0083333333333333,-0.3
1.011111111111111,-0.16
1.0138888888888888,-0.015
1.0166666666666666,0.235
1.0194444444444444,0.49
1.022222222222222,0.72
1.025,0.875
1.0277777777777777,0.94
1.0305555555555554,0.905
1.0333333333333334,0.755
1.0361111111111112,0.49
1.038888888888889,0.165
1.0416666666666667,-0.11
1.0444444444444445,-0.27
1.0472222222222225,-0.39
1.05,-0.45
1.0527777777777778,-0.475
1.0555555555555556,-0.455
1.0583333333333331,-0.425
1.0611111111111111,-0.39
1.0638888888888889,-0.39
1.0666666666666669,-0.385
1.0694444444444444,-0.39
1.0722222222222222,-0.38
1.075,-0.38
1.0777777777777775,-0.38
1.0805555555555555,-0.395
1.0833333333333333,-0.385
1.086111111111111,-0.385
1.0888888888888888,-0.385
1.0916666666666666,-0.375
1.0944444444444446,-0.395
1.0972222222222223,-0.41
1.1,-0.41
1.102777777777778,-0.4
1.1055555555555556,-0.395
1.1083333333333334,-0.39
1.1111111111111112,-0.405
1.113888888888889,-0.395
1.1166666666666667,-0.385
1.1194444444444445,-0.375
1.1222222222222222,-0.39
1.125,-0.39
1.1277777777777778,-0.405
1.1305555555555555,-0.41
1.1333333333333333,-0.41
1.136111111111111,-0.39
1.1388888888888888,-0.39
1.1416666666666666,-0.395
1.1444444444444444,-0.405
1.147222222222222,-0.415
1.15,-0.4
1.1527777777777777,-0.41
1.1555555555555554,-0.405
1.1583333333333334,-0.41
1.1611111111111112,-0.415
1.163888888888889,-0.41
1.1666666666666667,-0.4
1.1694444444444445,-0.4
1.1722222222222225,-0.395
1.175,-0.39
1.1777777777777778,-0.405
1.1805555555555556,-0.41
1.1833333333333331,-0.39
1.1861111111111111,-0.39
1.1888888888888889,-0.385
1.1916666666666669,-0.385
1.1944444444444444,-0.41
1.1972222222222222,-0.405
1.2,-0.395
1.2027777777777775,-0.39
1.2055555555555555,-0.375
1.2083333333333333,-0.39
1.211111111111111,-0.395
1.2138888888888888,-0.41
1.2166666666666666,-0.4
1.2194444444444446,-0.39
1.2222222222222223,-0.39
1.225,-0.385
1.227777777777778,-0.405
1.2305555555555556,-0.415
1.2333333333333334,-0.415
1.2361111111111112,-0.4
1.238888888888889,-0.395
1.2416666666666667,-0.405
1.2444444444444445,-0.415
1.2472222222222222,-0.42
1.25,-0.42
1.2527777777777778,-0.41
1.2555555555555555,-0.415
1.2583333333333333,-0.425
1.261111111111111,-0.42
1.2638888888888888,-0.435
1.2666666666666666,-0.43
1.2694444444444444,-0.43
1.272222222222222,-0.42
1.275,-0.43
1.2777777777777777,-0.45
1.2805555555555554,-0.455
1.2833333333333334,-0.45
1.2861111111111112,-0.435
1.288888888888889,-0.445
1.2916666666666667,-0.45
1.2944444444444445,-0.455
1.2972222222222225,-0.47
1.3,-0.46
1.3027777777777778,-0.455
1.3055555555555556,-0.45
1.3083333333333331,-0.455
1.3111111111111111,-0.47
1.3138888888888889,-0.475
1.3166666666666669,-0.46
1.3194444444444444,-0.45
1.3222222222222222,-0.445
1.325,-0.44
1.3277777777777775,-0.435
1.3305555555555555,-0.44
1.3333333333333333,-0.41
1.336111111111111,-0.395
1.3388888888888888,-0.37
1.3416666666666666,-0.365
1.3444444444444446,-0.36
1.3472222222222223,-0.365
1.35,-0.34
1.352777777777778,-0.325
1.3555555555555556,-0.315
1.3583333333333334,-0.32
1.3611111111111112,-0.33
1.363888888888889,-0.33
1.3666666666666667,-0.32
1.3694444444444445,-0.31
1.3722222222222222,-0.3
1.375,-0.3
1.3777777777777778,-0.32
1.3805555555555555,-0.32
1.3833333333333333,-0.315
1.386111111111111,-0.305
1.3888888888888888,-0.305
1.3916666666666666,-0.295
1.3944444444444444,-0.32
1.397222222222222,-0.33
1.4,-0.305
1.4027777777777777,-0.31
1.4055555555555554,-0.3
1.4083333333333334,-0.3
1.4111111111111112,-0.32
1.413888888888889,-0.325
1.4166666666666667,-0.31
1.4194444444444445,-0.305
1.4222222222222225,-0.315
1.425,-0.305
1.4277777777777778,-0.315
1.4305555555555556,-0.315
1.4333333333333331,-0.31
1.4361111111111111,-0.295
1.4388888888888889,-0.29
1.4416666666666669,-0.305
1.4444444444444444,-0.31
1.4472222222222222,-0.32
1.45,-0.315
1.4527777777777775,-0.3
1.4555555555555555,-0.315
1.4583333333333333,-0.315
1.461111111111111,-0.315
1.4638888888888888,-0.33
1.4666666666666666,-0.315
1.4694444444444446,-0.32
1.4722222222222223,-0.315
1.475,-0.325
1.477777777777778,-0.335
1.4805555555555556,-0.34
1.4833333333333334,-0.335
1.4861111111111112,-0.335
1.488888888888889,-0.33
1.4916666666666667,-0.325
1.4944444444444445,-0.345
1.4972222222222222,-0.35
1.5,-0.345
1.5027777777777778,-0.335
1.5055555555555555,-0.33
1.5083333333333333,-0.33
1.511111111111111,-0.345
1.5138888888888888,-0.345
1.5166666666666666,-0.345
1.5194444444444444,-0.32
1.522222222222222,-0.33
1.525,-0.335
1.5277777777777777,-0.34
1.5305555555555554,-0.355
1.5333333333333334,-0.335
1.5361111111111112,-0.33
1.538888888888889,-0.33
1.5416666666666667,-0.335
1.5444444444444445,-0.355
1.5472222222222225,-0.36
1.55,-0.355
1.5527777777777778,-0.35
1.5555555555555556,-0.34
1.5583333333333331,-0.345
1.5611111111111111,-0.345
1.5638888888888889,-0.345
1.5666666666666669,-0.345
1.5694444444444444,-0.33
1.5722222222222222,-0.33
1.575,-0.335
1.5777777777777775,-0.345
1.5805555555555555,-0.35
1.5833333333333333,-0.35
1.586111111111111,-0.34
1.5888888888888888,-0.33
1.5916666666666666,-0.345
1.5944444444444446,-0.345
1.5972222222222223,-0.355
1.6,-0.35
1.602777777777778,-0.34
1.6055555555555556,-0.33
1.6083333333333334,-0.34
1.6111111111111112,-0.34
1.613888888888889,-0.34
1.6166666666666667,-0.33
1.6194444444444445,-0.335
1.6222222222222222,-0.33
1.625,-0.335
1.6277777777777778,-0.345
1.6305555555555555,-0.345
1.6333333333333333,-0.34
1.636111111111111,-0.33
1.6388888888888888,-0.315
1.6416666666666666,-0.295
1.6444444444444444,-0.3
1.647222222222222,-0.295
1.65,-0.285
1.6527777777777777,-0.275
1.6555555555555554,-0.265
1.6583333333333334,-0.265
1.6611111111111112,-0.265
1.663888888888889,-0.255
1.6666666666666667,-0.25
1.6694444444444445,-0.24
1.6722222222222225,-0.225
1.675,-0.215
1.6777777777777778,-0.24
1.6805555555555556,-0.245
1.6833333333333331,-0.24
1.6861111111111111,-0.245
1.6888888888888889,-0.235
1.6916666666666669,-0.245
1.6944444444444444,-0.25
1.6972222222222222,-0.275
1.7,-0.275
1.7027777777777775,-0.265
1.7055555555555555,-0.25
1.7083333333333333,-0.225
1.711111111111111,-0.22
1.7138888888888888,-0.23
1.7166666666666666,-0.265
1.7194444444444446,-0.27
1.7222222222222223,-0.28
1.725,-0.285
1.727777777777778,-0.305
1.7305555555555556,-0.32
1.7333333333333334,-0.34
1.7361111111111112,-0.33
1.738888888888889,-0.335
1.7416666666666667,-0.335
1.7444444444444445,-0.355
1.7472222222222222,-0.37
1.75,-0.36
1.7527777777777778,-0.345
1.7555555555555555,-0.35
1.7583333333333333,-0.355
1.761111111111111,-0.365
1.7638888888888888,-0.375
1.7666666666666666,-0.38
1.7694444444444444,-0.37
1.772222222222222,-0.365
1.775,-0.365
1.7777777777777777,-0.38
1.7805555555555554,-0.385
1.7833333333333334,-0.38
1.7861111111111112,-0.375
1.788888888888889,-0.355
1.7916666666666667,-0.37
1.7944444444444445,-0.39
1.7972222222222225,-0.405
1.8,-0.41
1.8027777777777776,-0.435
1.8055555555555556,-0.465
1.8083333333333331,-0.49
1.8111111111111111,-0.52
1.8138888888888889,-0.555
1.8166666666666669,-0.57
1.8194444444444444,-0.525
1.8222222222222224,-0.405
1.825,-0.25
1.8277777777777775,-0.09
1.8305555555555555,0.12
1.8333333333333333,0.41
1.836111111111111,0.69
1.8388888888888888,0.885
1.8416666666666663,0.96
1.8444444444444448,0.85
1.8472222222222223,0.52
1.85,0.05
1.852777777777778,-0.32
1.8555555555555556,-0.5
1.8583333333333336,-0.505
1.8611111111111112,-0.445
1.863888888888889,-0.415
1.8666666666666667,-0.395
1.8694444444444445,-0.39
1.8722222222222225,-0.395
1.875,-0.39
1.8777777777777775,-0.395
1.8805555555555555,-0.405
1.8833333333333333,-0.395
1.886111111111111,-0.405
1.8888888888888888,-0.39
1.8916666666666664,-0.395
1.8944444444444444,-0.395
1.897222222222222,-0.41
1.9,-0.405
1.9027777777777777,-0.4
1.9055555555555552,-0.4
1.9083333333333337,-0.415
1.9111111111111112,-0.405
1.913888888888889,-0.42
1.9166666666666667,-0.415
1.9194444444444445,-0.405
1.9222222222222225,-0.405
1.925,-0.42
1.9277777777777776,-0.42
1.9305555555555556,-0.435
1.9333333333333331,-0.42
1.9361111111111111,-0.41
1.9388888888888889,-0.41
1.9416666666666669,-0.405
1.9444444444444444,-0.425
1.9472222222222224,-0.43
1.95,-0.42
1.9527777777777775,-0.415
1.9555555555555555,-0.41
1.9583333333333333,-0.41
1.961111111111111,-0.425
1.9638888888888888,-0.42
1.9666666666666663,-0.4
1.9694444444444448,-0.395
1.9722222222222223,-0.4
1.975,-0.4
1.977777777777778,-0.395
1.9805555555555556,-0.415
1.9833333333333336,-0.405
1.9861111111111112,-0.39
1.988888888888889,-0.4
1.9916666666666667,-0.4
1.9944444444444445,-0.415
1.9972222222222225,-0.425
2.0,-0.425
2.0027777777777778,-0.415
2.0055555555555555,-0.415
2.0083333333333333,-0.41
2.011111111111111,-0.425
2.013888888888889,-0.425
2.0166666666666666,-0.42
2.0194444444444444,-0.415
2.022222222222222,-0.4
2.025,-0.4
2.0277777777777777,-0.41
2.030555555555555,-0.425
2.033333333333333,-0.41
2.036111111111111,-0.405
2.0388888888888888,-0.395
2.0416666666666665,-0.4
2.0444444444444443,-0.4
2.047222222222222,-0.405
2.05,-0.385
2.0527777777777776,-0.4
2.0555555555555554,-0.39
2.058333333333333,-0.39
2.061111111111111,-0.4
2.063888888888889,-0.415
2.066666666666667,-0.405
2.0694444444444446,-0.405
2.0722222222222224,-0.41
2.075,-0.415
2.077777777777778,-0.42
2.0805555555555557,-0.42
2.0833333333333335,-0.425
2.0861111111111112,-0.415
2.088888888888889,-0.415
2.091666666666667,-0.41
2.094444444444445,-0.435
2.0972222222222223,-0.43
2.1,-0.435
2.102777777777778,-0.42
2.1055555555555556,-0.42
2.1083333333333334,-0.42
2.111111111111111,-0.42
2.113888888888889,-0.425
2.1166666666666667,-0.425
2.1194444444444445,-0.415
2.1222222222222222,-0.395
2.125,-0.395
2.1277777777777778,-0.39
2.1305555555555555,-0.375
2.1333333333333333,-0.36
2.136111111111111,-0.34
2.138888888888889,-0.335
2.1416666666666666,-0.33
2.1444444444444444,-0.335
2.147222222222222,-0.335
2.15,-0.325
2.1527777777777777,-0.32
2.155555555555555,-0.305
2.158333333333333,-0.305
2.161111111111111,-0.315
2.1638888888888888,-0.31
2.1666666666666665,-0.305
2.1694444444444443,-0.3
2.172222222222222,-0.3
2.175,-0.3
2.1777777777777776,-0.31
2.1805555555555554,-0.31
2.183333333333333,-0.31
2.186111111111111,-0.315
2.188888888888889,-0.3
2.191666666666667,-0.305
2.1944444444444446,-0.315
2.1972222222222224,-0.32
2.2,-0.325
2.202777777777778,-0.31
2.2055555555555557,-0.305
2.2083333333333335,-0.305
2.2111111111111112,-0.32
2.213888888888889,-0.325
2.216666666666667,-0.305
2.219444444444445,-0.31
2.2222222222222223,-0.295
2.225,-0.31
2.227777777777778,-0.325
2.2305555555555556,-0.33
2.2333333333333334,-0.32
2.236111111111111,-0.32
2.238888888888889,-0.32
2.2416666666666667,-0.325
2.2444444444444445,-0.35
2.2472222222222222,-0.35
2.25,-0.34
2.2527777777777778,-0.335
2.2555555555555555,-0.33
2.2583333333333333,-0.335
2.261111111111111,-0.34
2.263888888888889,-0.36
2.2666666666666666,-0.35
2.2694444444444444,-0.35
2.272222222222222,-0.355
2.275,-0.36
2.2777777777777777,-0.355
2.280555555555555,-0.365
2.283333333333333,-0.355
2.286111111111111,-0.35
2.2888888888888888,-0.34
2.2916666666666665,-0.355
2.2944444444444443,-0.35
2.297222222222222,-0.365
2.3,-0.365
2.3027777777777776,-0.35
2.3055555555555554,-0.355
2.308333333333333,-0.35
2.311111111111111,-0.37
2.313888888888889,-0.38
2.316666666666667,-0.37
2.3194444444444446,-0.36
2.3222222222222224,-0.365
2.325,-0.36
2.327777777777778,-0.365
2.3305555555555557,-0.38
2.3333333333333335,-0.37
2.3361111111111112,-0.365
2.338888888888889,-0.35
2.341666666666667,-0.35
2.344444444444445,-0.35
2.3472222222222223,-0.37
2.35,-0.365
2.352777777777778,-0.345
2.3555555555555556,-0.345
2.3583333333333334,-0.34
2.361111111111111,-0.355
2.363888888888889,-0.365
2.3666666666666667,-0.36
2.3694444444444445,-0.355
2.3722222222222222,-0.355
2.375,-0.355
2.3777777777777778,-0.375
2.3805555555555555,-0.385
2.3833333333333333,-0.355
2.386111111111111,-0.36
2.388888888888889,-0.355
2.3916666666666666,-0.36
2.3944444444444444,-0.36
2.397222222222222,-0.37
2.4,-0.36
2.4027777777777777,-0.345
2.405555555555555,-0.355
2.408333333333333,-0.345
2.411111111111111,-0.345
2.4138888888888888,-0.345
2.4166666666666665,-0.34
2.4194444444444443,-0.31
2.422222222222222,-0.305
2.425,-0.305
2.4277777777777776,-0.31
2.4305555555555554,-0.305
2.433333333333333,-0.29
2.436111111111111,-0.285
2.438888888888889,-0.275
2.441666666666667,-0.28
2.4444444444444446,-0.28
2.4472222222222224,-0.275
2.45,-0.265
2.452777777777778,-0.255
2.4555555555555557,-0.245
2.4583333333333335,-0.26
2.4611111111111112,-0.265
2.463888888888889,-0.275
2.466666666666667,-0.28
2.469444444444445,-0.265
2.4722222222222223,-0.27
2.475,-0.275
2.477777777777778,-0.28
2.4805555555555556,-0.275
2.4833333333333334,-0.28
2.486111111111111,-0.275
2.488888888888889,-0.265
2.4916666666666667,-0.255
2.4944444444444445,-0.24
2.4972222222222222,-0.26
2.5,-0.28
2.5027777777777778,-0.31
2.5055555555555555,-0.31
2.5083333333333333,-0.345
2.511111111111111,-0.36
2.513888888888889,-0.38
2.5166666666666666,-0.385
2.5194444444444444,-0.38
2.522222222222222,-0.37
2.525,-0.375
2.5277777777777777,-0.385
2.530555555555555,-0.39
2.533333333333333,-0.395
2.536111111111111,-0.385
2.5388888888888888,-0.385
2.5416666666666665,-0.385
2.5444444444444443,-0.395
2.547222222222222,-0.405
2.55,-0.4
2.5527777777777776,-0.375
2.5555555555555554,-0.375
2.558333333333333,-0.39
2.561111111111111,-0.395
2.563888888888889,-0.415
2.566666666666667,-0.405
2.5694444444444446,-0.4
2.5722222222222224,-0.39
2.575,-0.405
2.577777777777778,-0.425
2.5805555555555557,-0.46
2.5833333333333335,-0.475
2.5861111111111112,-0.505
2.588888888888889,-0.51
2.591666666666667,-0.525
2.594444444444445,-0.54
2.5972222222222223,-0.6
2.6,-0.645
2.602777777777778,-0.63
2.6055555555555556,-0.575
2.6083333333333334,-0.495
2.611111111111111,-0.385
2.613888888888889,-0.27
2.6166666666666667,-0.115
2.6194444444444445,0.09
2.6222222222222222,0.37
2.625,0.635
2.6277777777777778,0.81
2.6305555555555555,0.86
2.6333333333333333,0.77
2.636111111111111,0.475
2.638888888888889,0.065
2.6416666666666666,-0.305
2.6444444444444444,-0.5
2.647222222222222,-0.52
2.65,-0.475
2.6527777777777777,-0.41
2.655555555555555,-0.39
2.658333333333333,-0.39
2.661111111111111,-0.4
2.6638888888888888,-0.41
2.6666666666666665,-0.405
2.6694444444444443,-0.385
2.672222222222222,-0.39
2.675,-0.395
2.6777777777777776,-0.405
2.6805555555555554,-0.41
2.683333333333333,-0.405
2.686111111111111,-0.4
2.688888888888889,-0.39
2.691666666666667,-0.395
2.6944444444444446,-0.41
2.6972222222222224,-0.415
2.7,-0.41
2.702777777777778,-0.395
2.7055555555555557,-0.405
2.7083333333333335,-0.41
2.7111111111111112,-0.405
2.713888888888889,-0.405
2.716666666666667,-0.41
2.719444444444445,-0.39
2.7222222222222223,-0.385
2.725,-0.39
2.727777777777778,-0.395
2.7305555555555556,-0.4
2.7333333333333334,-0.4
2.736111111111111,-0.4
2.738888888888889,-0.395
2.7416666666666667,-0.395
2.7444444444444445,-0.405
2.7472222222222222,-0.405
2.75,-0.4
2.7527777777777778,-0.395
2.7555555555555555,-0.385
2.7583333333333333,-0.375
2.761111111111111,-0.385
2.763888888888889,-0.395
2.7666666666666666,-0.39
2.7694444444444444,-0.385
2.772222222222222,-0.375
2.775,-0.385
2.7777777777777777,-0.395
2.780555555555555,-0.395
2.783333333333333,-0.385
2.786111111111111,-0.375
2.7888888888888888,-0.375
2.7916666666666665,-0.385
2.7944444444444443,-0.395
2.797222222222222,-0.39
2.8,-0.39
2.8027777777777776,-0.365
2.8055555555555554,-0.375
2.808333333333333,-0.385
2.811111111111111,-0.395
2.813888888888889,-0.38
2.816666666666667,-0.385
2.8194444444444446,-0.375
2.8222222222222224,-0.38
2.825,-0.39
2.827777777777778,-0.38
2.8305555555555557,-0.375
2.8333333333333335,-0.375
2.8361111111111112,-0.375
2.838888888888889,-0.375
2.841666666666667,-0.38
2.844444444444445,-0.39
2.8472222222222223,-0.39
2.85,-0.365
2.852777777777778,-0.37
2.8555555555555556,-0.375
2.8583333333333334,-0.385
2.861111111111111,-0.39
2.863888888888889,-0.39
2.8666666666666667,-0.375
2.8694444444444445,-0.365
2.8722222222222222,-0.385
2.875,-0.38
2.8777777777777778,-0.39
2.8805555555555555,-0.375
2.8833333333333333,-0.375
2.886111111111111,-0.365
2.888888888888889,-0.37
2.8916666666666666,-0.385
2.8944444444444444,-0.395
2.897222222222222,-0.385
2.9,-0.385
2.9027777777777777,-0.37
2.905555555555555,-0.365
2.908333333333333,-0.37
2.911111111111111,-0.375
2.9138888888888888,-0.35
2.9166666666666665,-0.335
2.9194444444444443,-0.32
2.922222222222222,-0.315
2.925,-0.32
2.9277777777777776,-0.325
2.9305555555555554,-0.315
2.933333333333333,-0.295
2.936111111111111,-0.285
2.938888888888889,-0.3
2.941666666666667,-0.295
2.9444444444444446,-0.285
2.9472222222222224,-0.285
2.95,-0.28
2.952777777777778,-0.27
2.9555555555555557,-0.28
2.9583333333333335,-0.29
2.9611111111111112,-0.295
2.963888888888889,-0.295
2.966666666666667,-0.29
2.969444444444445,-0.28
2.9722222222222223,-0.29
2.975,-0.295
2.977777777777778,-0.31
2.9805555555555556,-0.295
2.9833333333333334,-0.285
2.986111111111111,-0.28
2.988888888888889,-0.275
2.9916666666666667,-0.295
2.9944444444444445,-0.305
2.9972222222222222,-0.3
3.0,-0.295
3.0027777777777778,-0.295
3.0055555555555555,-0.285
3.0083333333333333,-0.3
3.011111111111111,-0.305
3.013888888888889,-0.3
3.0166666666666666,-0.295
3.0194444444444444,-0.3
3.022222222222222,-0.305
3.025,-0.315
3.0277777777777777,-0.31
3.030555555555555,-0.315
3.033333333333333,-0.295
3.036111111111111,-0.3
3.0388888888888888,-0.31
3.0416666666666665,-0.33
3.0444444444444443,-0.34
3.047222222222222,-0.33
3.05,-0.32
3.0527777777777776,-0.32
3.0555555555555554,-0.315
3.058333333333333,-0.325
3.061111111111111,-0.335
3.063888888888889,-0.33
3.066666666666667,-0.315
3.0694444444444446,-0.32
3.0722222222222224,-0.32
3.075,-0.33
3.077777777777778,-0.345
3.0805555555555557,-0.34
3.0833333333333335,-0.335
3.0861111111111112,-0.33
3.088888888888889,-0.335
3.091666666666667,-0.345
3.094444444444445,-0.35
3.0972222222222223,-0.345
3.1,-0.34
3.102777777777778,-0.335
3.1055555555555556,-0.335
3.1083333333333334,-0.33
3.111111111111111,-0.335
3.113888888888889,-0.34
3.1166666666666667,-0.335
3.1194444444444445,-0.32
3.1222222222222222,-0.34
3.125,-0.34
3.1277777777777778,-0.35
3.1305555555555555,-0.365
3.1333333333333333,-0.36
3.136111111111111,-0.345
3.138888888888889,-0.345
3.1416666666666666,-0.35
3.1444444444444444,-0.35
3.147222222222222,-0.35
3.15,-0.34
3.1527777777777777,-0.34
3.155555555555555,-0.345
3.158333333333333,-0.345
3.161111111111111,-0.38
3.1638888888888888,-0.36
3.1666666666666665,-0.36
3.1694444444444443,-0.345
3.172222222222222,-0.345
3.175,-0.35
3.1777777777777776,-0.355
3.1805555555555554,-0.345
3.183333333333333,-0.33
3.186111111111111,-0.33
3.188888888888889,-0.335
3.191666666666667,-0.335
3.1944444444444446,-0.34
3.1972222222222224,-0.33
3.2,-0.32
3.202777777777778,-0.29
3.2055555555555557,-0.29
3.2083333333333335,-0.3
3.2111111111111112,-0.305
3.213888888888889,-0.285
3.216666666666667,-0.28
3.219444444444445,-0.275
3.2222222222222223,-0.28
3.225,-0.275
3.227777777777778,-0.27
3.2305555555555556,-0.265
3.2333333333333334,-0.25
3.236111111111111,-0.23
3.238888888888889,-0.245
3.2416666666666667,-0.24
3.2444444444444445,-0.255
3.2472222222222222,-0.255
3.25,-0.245
3.2527777777777778,-0.235
3.2555555555555555,-0.255
3.2583333333333333,-0.265
3.261111111111111,-0.26
3.263888888888889,-0.255
3.2666666666666666,-0.27
3.2694444444444444,-0.265
3.272222222222222,-0.28
3.275,-0.255
3.2777777777777777,-0.25
3.280555555555555,-0.245
3.283333333333333,-0.265
3.286111111111111,-0.28
3.2888888888888888,-0.3
3.2916666666666665,-0.315
3.2944444444444443,-0.325
3.297222222222222,-0.335
3.3,-0.345
3.3027777777777776,-0.33
3.3055555555555554,-0.335
3.308333333333333,-0.345
3.311111111111111,-0.36
3.313888888888889,-0.35
3.316666666666667,-0.34
3.3194444444444446,-0.335
3.3222222222222224,-0.345
3.325,-0.36
3.327777777777778,-0.365
3.3305555555555557,-0.375
3.3333333333333335,-0.37
3.3361111111111112,-0.365
3.338888888888889,-0.365
3.341666666666667,-0.38
3.344444444444445,-0.375
3.3472222222222223,-0.375
3.35,-0.365
3.352777777777778,-0.37
3.3555555555555556,-0.36
3.3583333333333334,-0.37
3.361111111111111,-0.38
3.363888888888889,-0.365
3.3666666666666667,-0.36
3.3694444444444445,-0.35
3.3722222222222222,-0.355
3.375,-0.37
3.3777777777777778,-0.385
3.3805555555555555,-0.395
3.3833333333333333,-0.43
3.386111111111111,-0.445
3.388888888888889,-0.485
3.3916666666666666,-0.515
3.3944444444444444,-0.565
3.397222222222222,-0.555
3.4,-0.475
3.4027777777777777,-0.355
3.405555555555555,-0.22
3.408333333333333,-0.055
3.411111111111111,0.185
3.4138888888888888,0.475
3.4166666666666665,0.705
3.4194444444444443,0.82
3.422222222222222,0.78
3.425,0.535
3.4277777777777776,0.145
3.4305555555555554,-0.2
3.433333333333333,-0.42
3.436111111111111,-0.5
3.438888888888889,-0.48
3.441666666666667,-0.45
3.4444444444444446,-0.41
3.4472222222222224,-0.4
3.45,-0.39
3.452777777777778,-0.39
3.4555555555555557,-0.4
3.4583333333333335,-0.405
3.4611111111111112,-0.425
3.463888888888889,-0.425
3.466666666666667,-0.405
3.469444444444445,-0.395
3.4722222222222223,-0.405
3.475,-0.405
3.477777777777778,-0.415
3.4805555555555556,-0.405
3.4833333333333334,-0.385
3.486111111111111,-0.39
3.488888888888889,-0.395
3.4916666666666667,-0.395
3.4944444444444445,-0.395
3.4972222222222222,-0.395
3.5,-0.385
3.5027777777777778,-0.39
3.5055555555555555,-0.39
3.5083333333333333,-0.4
3.511111111111111,-0.425
3.513888888888889,-0.41
3.5166666666666666,-0.4
3.5194444444444444,-0.395
3.522222222222222,-0.4
3.525,-0.405
3.5277777777777777,-0.425
3.530555555555555,-0.415
3.533333333333333,-0.405
3.536111111111111,-0.405
3.5388888888888888,-0.405
3.5416666666666665,-0.41
3.5444444444444443,-0.415
3.547222222222222,-0.405
3.55,-0.42
3.5527777777777776,-0.405
3.5555555555555554,-0.41
3.558333333333333,-0.41
3.561111111111111,-0.42
3.563888888888889,-0.415
3.566666666666667,-0.405
3.5694444444444446,-0.395
3.5722222222222224,-0.395
3.575,-0.395
3.577777777777778,-0.4
3.5805555555555557,-0.395
3.5833333333333335,-0.395
3.5861111111111112,-0.405
3.588888888888889,-0.405
3.591666666666667,-0.42
3.594444444444445,-0.435
3.5972222222222223,-0.415
3.6,-0.405
3.602777777777778,-0.395
3.605555555555555,-0.39
3.6083333333333334,-0.415
3.611111111111111,-0.405
3.613888888888889,-0.405
3.6166666666666663,-0.4
3.619444444444445,-0.395
3.6222222222222222,-0.395
3.625,-0.405
3.6277777777777778,-0.42
3.630555555555555,-0.415
3.6333333333333337,-0.4
3.636111111111111,-0.395
3.638888888888889,-0.4
3.6416666666666666,-0.405
3.644444444444445,-0.425
3.647222222222222,-0.425
3.65,-0.425
3.6527777777777777,-0.42
3.655555555555555,-0.425
3.658333333333333,-0.45
3.661111111111111,-0.445
3.6638888888888888,-0.45
3.6666666666666665,-0.435
3.669444444444444,-0.445
3.672222222222222,-0.47
3.675,-0.455
3.6777777777777776,-0.46
3.6805555555555554,-0.44
3.683333333333333,-0.435
3.686111111111111,-0.425
3.688888888888889,-0.43
3.691666666666667,-0.445
3.6944444444444446,-0.45
3.6972222222222224,-0.445
3.7,-0.43
3.702777777777778,-0.42
3.705555555555556,-0.41
3.7083333333333335,-0.425
3.7111111111111112,-0.42
3.713888888888889,-0.405
3.716666666666667,-0.38
3.719444444444445,-0.37
3.7222222222222223,-0.365
3.725,-0.365
3.727777777777778,-0.365
3.730555555555555,-0.345
3.7333333333333334,-0.33
3.736111111111111,-0.315
3.738888888888889,-0.305
3.7416666666666663,-0.305
3.744444444444445,-0.32
3.7472222222222222,-0.31
3.75,-0.31
3.7527777777777778,-0.305
3.755555555555555,-0.31
3.7583333333333337,-0.315
3.761111111111111,-0.32
3.763888888888889,-0.315
3.7666666666666666,-0.305
3.769444444444445,-0.305
3.772222222222222,-0.295
3.775,-0.31
3.7777777777777777,-0.32
3.780555555555555,-0.31
3.783333333333333,-0.315
3.786111111111111,-0.295
3.7888888888888888,-0.3
3.7916666666666665,-0.305
3.794444444444444,-0.3
3.797222222222222,-0.285
3.8,-0.28
3.8027777777777776,-0.29
3.8055555555555554,-0.295
3.808333333333333,-0.305
3.811111111111111,-0.325
3.813888888888889,-0.305
3.816666666666667,-0.3
3.8194444444444446,-0.3
3.8222222222222224,-0.315
3.825,-0.325
3.827777777777778,-0.335
3.830555555555556,-0.325
3.8333333333333335,-0.315
3.8361111111111112,-0.32
3.838888888888889,-0.335
3.841666666666667,-0.33
3.844444444444445,-0.34
3.8472222222222223,-0.325
3.85,-0.325
3.852777777777778,-0.32
3.855555555555555,-0.315
3.8583333333333334,-0.335
3.861111111111111,-0.335
3.863888888888889,-0.345
3.8666666666666663,-0.335
3.869444444444445,-0.325
3.8722222222222222,-0.33
3.875,-0.315
3.8777777777777778,-0.335
3.880555555555555,-0.33
3.8833333333333337,-0.33
3.886111111111111,-0.33
3.888888888888889,-0.33
3.8916666666666666,-0.335
3.894444444444445,-0.34
3.897222222222222,-0.33
3.9,-0.32
3.9027777777777777,-0.315
3.905555555555555,-0.325
3.908333333333333,-0.335
3.911111111111111,-0.355
3.9138888888888888,-0.345
3.9166666666666665,-0.34
3.919444444444444,-0.335
3.922222222222222,-0.32
3.925,-0.325
3.9277777777777776,-0.35
3.9305555555555554,-0.33
3.933333333333333,-0.315
3.936111111111111,-0.315
3.938888888888889,-0.33
3.941666666666667,-0.33
3.9444444444444446,-0.335
3.9472222222222224,-0.335
3.95,-0.33
3.952777777777778,-0.33
3.955555555555556,-0.33
3.9583333333333335,-0.34
3.9611111111111112,-0.34
3.963888888888889,-0.34
3.966666666666667,-0.325
3.969444444444445,-0.325
3.9722222222222223,-0.325
3.975,-0.345
3.977777777777778,-0.35
3.980555555555555,-0.34
3.9833333333333334,-0.33
3.986111111111111,-0.32
3.988888888888889,-0.31
3.9916666666666663,-0.305
3.994444444444445,-0.305
3.9972222222222222,-0.275
4.0,-0.27
4.002777777777778,-0.255
4.0055555555555555,-0.26
4.008333333333334,-0.265
4.011111111111111,-0.26
4.013888888888889,-0.25
4.016666666666667,-0.235
4.019444444444445,-0.235
4.022222222222222,-0.22
4.025,-0.235
4.027777777777778,-0.235
4.030555555555556,-0.22
4.033333333333333,-0.23
4.036111111111111,-0.225
4.038888888888889,-0.235
4.041666666666667,-0.245
4.044444444444444,-0.255
4.0472222222222225,-0.24
4.05,-0.23
4.052777777777778,-0.23
4.055555555555555,-0.25
4.058333333333334,-0.255
4.061111111111111,-0.25
4.063888888888889,-0.23
4.066666666666666,-0.205
4.069444444444445,-0.195
4.072222222222222,-0.21
4.075,-0.23
4.0777777777777775,-0.27
4.080555555555556,-0.27
4.083333333333333,-0.285
4.086111111111111,-0.285
4.088888888888889,-0.31
4.091666666666667,-0.33
4.094444444444444,-0.34
4.097222222222222,-0.34
4.1,-0.345
4.102777777777778,-0.35
4.105555555555555,-0.35
4.108333333333333,-0.34
4.111111111111111,-0.355
4.113888888888889,-0.345
4.116666666666666,-0.34
4.1194444444444445,-0.34
4.122222222222222,-0.345
4.125,-0.355
4.127777777777778,-0.37
4.1305555555555555,-0.355
4.133333333333334,-0.37
4.136111111111111,-0.345
4.138888888888889,-0.34
4.141666666666667,-0.36
4.144444444444445,-0.38
4.147222222222222,-0.36
4.15,-0.345
4.152777777777778,-0.35
4.155555555555556,-0.35
4.158333333333333,-0.355
4.161111111111111,-0.38
4.163888888888889,-0.39
4.166666666666667,-0.395
4.169444444444444,-0.425
4.1722222222222225,-0.455
4.175,-0.475
4.177777777777778,-0.51
4.180555555555555,-0.545
4.183333333333334,-0.54
4.186111111111111,-0.495
4.188888888888889,-0.405
4.191666666666666,-0.295
4.194444444444445,-0.16
4.197222222222222,0.04
4.2,0.315
4.2027777777777775,0.595
4.205555555555556,0.8
4.208333333333333,0.885
4.211111111111111,0.795
4.213888888888889,0.52
4.216666666666667,0.13
4.219444444444444,-0.215
4.222222222222222,-0.425
4.225,-0.5
4.227777777777778,-0.49
4.230555555555555,-0.45
4.233333333333333,-0.4
4.236111111111111,-0.39
4.238888888888889,-0.395
4.241666666666666,-0.395
4.2444444444444445,-0.4
4.247222222222222,-0.39
4.25,-0.38
4.252777777777778,-0.385
4.2555555555555555,-0.385
4.258333333333334,-0.4
4.261111111111111,-0.41
4.263888888888889,-0.41
4.266666666666667,-0.39
4.269444444444445,-0.39
4.272222222222222,-0.405
4.275,-0.405
4.277777777777778,-0.415
4.280555555555556,-0.41
4.283333333333333,-0.395
4.286111111111111,-0.395
4.288888888888889,-0.4
4.291666666666667,-0.415
4.294444444444444,-0.415
4.2972222222222225,-0.415
4.3,-0.4
4.302777777777778,-0.39
4.305555555555555,-0.39
4.308333333333334,-0.41
4.311111111111111,-0.415
4.313888888888889,-0.405
4.316666666666666,-0.395
4.319444444444445,-0.395
4.322222222222222,-0.395
4.325,-0.405
4.3277777777777775,-0.41
4.330555555555556,-0.41
4.333333333333333,-0.4
4.336111111111111,-0.39
4.338888888888889,-0.395
4.341666666666667,-0.41
4.344444444444444,-0.425
4.347222222222222,-0.415
4.35,-0.405
4.352777777777778,-0.41
4.355555555555555,-0.405
4.358333333333333,-0.415
4.361111111111111,-0.425
4.363888888888889,-0.425
4.366666666666666,-0.41
4.3694444444444445,-0.395
4.372222222222222,-0.39
4.375,-0.4
4.377777777777778,-0.41
4.3805555555555555,-0.41
4.383333333333334,-0.4
4.386111111111111,-0.39
4.388888888888889,-0.41
4.391666666666667,-0.42
4.394444444444445,-0.42
4.397222222222222,-0.415
4.4,-0.415
4.402777777777778,-0.405
4.405555555555556,-0.42
4.408333333333333,-0.415
4.411111111111111,-0.425
4.413888888888889,-0.41
4.416666666666667,-0.4
4.419444444444444,-0.405
4.4222222222222225,-0.4
4.425,-0.4
4.427777777777778,-0.41
4.430555555555555,-0.4
4.433333333333334,-0.395
4.436111111111111,-0.395
4.438888888888889,-0.405
4.441666666666666,-0.41
4.444444444444445,-0.425
4.447222222222222,-0.425
4.45,-0.41
4.4527777777777775,-0.41
4.455555555555556,-0.42
4.458333333333333,-0.43
4.461111111111111,-0.445
4.463888888888889,-0.44
4.466666666666667,-0.435
4.469444444444444,-0.43
4.472222222222222,-0.43
4.475,-0.45
4.477777777777778,-0.445
4.480555555555555,-0.445
4.483333333333333,-0.435
4.486111111111111,-0.435
4.488888888888889,-0.445
4.491666666666666,-0.44
4.4944444444444445,-0.45
4.497222222222222,-0.43
4.5,-0.43
4.502777777777778,-0.415
4.5055555555555555,-0.4
4.508333333333334,-0.4
4.511111111111111,-0.385
4.513888888888889,-0.365
4.516666666666667,-0.335
4.519444444444445,-0.33
4.522222222222222,-0.325
4.525,-0.33
4.527777777777778,-0.33
4.530555555555556,-0.31
4.533333333333333,-0.295
4.536111111111111,-0.285
4.538888888888889,-0.29
4.541666666666667,-0.29
4.544444444444444,-0.31
4.5472222222222225,-0.295
4.55,-0.285
4.552777777777778,-0.28
4.555555555555555,-0.3
4.558333333333334,-0.29
4.561111111111111,-0.295
4.563888888888889,-0.29
4.566666666666666,-0.28
4.569444444444445,-0.275
4.572222222222222,-0.275
4.575,-0.29
4.5777777777777775,-0.29
4.580555555555556,-0.285
4.583333333333333,-0.27
4.586111111111111,-0.27
4.588888888888889,-0.27
4.591666666666667,-0.275
4.594444444444444,-0.29
4.597222222222222,-0.285
4.6,-0.275
4.602777777777778,-0.275
4.605555555555555,-0.29
4.608333333333333,-0.295
4.611111111111111,-0.305
4.613888888888889,-0.295
4.616666666666666,-0.295
4.6194444444444445,-0.285
4.622222222222222,-0.29
4.625,-0.3
4.627777777777778,-0.305
4.6305555555555555,-0.31
4.633333333333334,-0.295
4.636111111111111,-0.3
4.638888888888889,-0.305
4.641666666666667,-0.31
4.644444444444445,-0.325
4.647222222222222,-0.325
4.65,-0.315
4.652777777777778,-0.31
4.655555555555556,-0.315
4.658333333333333,-0.315
4.661111111111111,-0.325
4.663888888888889,-0.32
4.666666666666667,-0.31
4.669444444444444,-0.32
4.6722222222222225,-0.315
4.675,-0.33
4.677777777777778,-0.33
4.680555555555555,-0.32
4.683333333333334,-0.31
4.686111111111111,-0.31
4.688888888888889,-0.31
4.691666666666666,-0.33
4.694444444444445,-0.335
4.697222222222222,-0.33
4.7,-0.32
4.7027777777777775,-0.325
4.705555555555556,-0.325
4.708333333333333,-0.33
4.711111111111111,-0.335
4.713888888888889,-0.33
4.716666666666667,-0.325
4.719444444444444,-0.325
4.722222222222222,-0.32
4.725,-0.325
4.727777777777778,-0.33
4.730555555555555,-0.325
4.733333333333333,-0.315
4.736111111111111,-0.305
4.738888888888889,-0.325
4.741666666666666,-0.315
4.7444444444444445,-0.335
4.747222222222222,-0.33
4.75,-0.31
4.752777777777778,-0.32
4.7555555555555555,-0.33
4.758333333333334,-0.33
4.761111111111111,-0.335
4.763888888888889,-0.33
4.766666666666667,-0.33
4.769444444444445,-0.32
4.772222222222222,-0.32
4.775,-0.33
4.777777777777778,-0.33
4.780555555555556,-0.325
4.783333333333333,-0.315
4.786111111111111,-0.315
4.788888888888889,-0.315
4.791666666666667,-0.33
4.794444444444444,-0.33
4.7972222222222225,-0.32
4.8,-0.315
4.802777777777778,-0.305
4.805555555555555,-0.305
4.808333333333334,-0.295
4.811111111111111,-0.315
4.813888888888889,-0.3
4.816666666666666,-0.275
4.819444444444445,-0.255
4.822222222222222,-0.255
4.825,-0.26
4.8277777777777775,-0.265
4.830555555555556,-0.255
4.833333333333333,-0.235
4.836111111111111,-0.23
4.838888888888889,-0.225
4.841666666666667,-0.22
4.844444444444444,-0.22
4.847222222222222,-0.215
4.85,-0.2
4.852777777777778,-0.205
4.855555555555555,-0.205
4.858333333333333,-0.225
4.861111111111111,-0.235
4.863888888888889,-0.24
4.866666666666666,-0.23
4.8694444444444445,-0.215
4.872222222222222,-0.24
4.875,-0.24
4.877777777777778,-0.25
4.8805555555555555,-0.235
4.883333333333334,-0.21
4.886111111111111,-0.2
4.888888888888889,-0.22
4.891666666666667,-0.255
4.894444444444445,-0.275
4.897222222222222,-0.285
4.9,-0.3
4.902777777777778,-0.305
4.905555555555556,-0.32
4.908333333333333,-0.33
4.911111111111111,-0.325
4.913888888888889,-0.32
4.916666666666667,-0.33
4.919444444444444,-0.33
4.9222222222222225,-0.335
4.925,-0.34
4.927777777777778,-0.345
4.930555555555555,-0.34
4.933333333333334,-0.335
4.936111111111111,-0.32
4.938888888888889,-0.325
4.941666666666666,-0.335
4.944444444444445,-0.345
4.947222222222222,-0.345
4.95,-0.345
4.9527777777777775,-0.335
4.955555555555556,-0.34
4.958333333333333,-0.345
4.961111111111111,-0.355
4.963888888888889,-0.34
4.966666666666667,-0.34
4.969444444444444,-0.34
4.972222222222222,-0.34
4.975,-0.345
4.977777777777778,-0.355
4.980555555555555,-0.365
4.983333333333333,-0.37
4.986111111111111,-0.405
4.988888888888889,-0.445
4.991666666666666,-0.48
4.9944444444444445,-0.495
4.997222222222222,-0.52
5.0,-0.535
5.002777777777778,-0.505
5.0055555555555555,-0.415
5.008333333333334,-0.28
5.011111111111111,-0.135
5.013888888888889,0.065
5.016666666666667,0.3
5.019444444444445,0.58
5.022222222222222,0.81
5.025,0.945
5.027777777777778,0.92
5.030555555555556,0.775
5.033333333333333,0.445
5.036111111111111,0.02
5.038888888888889,-0.295
5.041666666666667,-0.445
5.044444444444444,-0.47
5.0472222222222225,-0.425
5.05,-0.38
5.052777777777778,-0.36
5.055555555555555,-0.36
5.058333333333334,-0.37
5.061111111111111,-0.38
5.063888888888889,-0.38
5.066666666666666,-0.375
5.069444444444445,-0.37
5.072222222222222,-0.365
5.075,-0.37
5.0777777777777775,-0.385
5.080555555555556,-0.385
5.083333333333333,-0.375
5.086111111111111,-0.37
5.088888888888889,-0.37
5.091666666666667,-0.385
5.094444444444444,-0.395
5.097222222222222,-0.385
5.1,-0.385
5.102777777777778,-0.39
5.105555555555555,-0.385
5.108333333333333,-0.395
5.111111111111111,-0.41
5.113888888888889,-0.4
5.116666666666666,-0.395
5.1194444444444445,-0.38
5.122222222222222,-0.395
5.125,-0.395
5.127777777777778,-0.4
5.1305555555555555,-0.4
5.133333333333334,-0.395
5.136111111111111,-0.39
5.138888888888889,-0.39
5.141666666666667,-0.395
5.144444444444445,-0.405
5.147222222222222,-0.39
5.15,-0.385
5.152777777777778,-0.375
5.155555555555556,-0.375
5.158333333333333,-0.38
5.161111111111111,-0.39
5.163888888888889,-0.385
5.166666666666667,-0.37
5.169444444444444,-0.37
5.1722222222222225,-0.37
5.175,-0.375
5.177777777777778,-0.385
5.180555555555555,-0.37
5.183333333333334,-0.39
5.186111111111111,-0.375
5.188888888888889,-0.37
5.191666666666666,-0.38
5.194444444444445,-0.39
5.197222222222222,-0.39
5.2,-0.385
5.2027777777777775,-0.375
5.205555555555556,-0.375
5.208333333333333,-0.385
5.211111111111111,-0.395
5.213888888888889,-0.39
5.216666666666667,-0.385
5.219444444444444,-0.375
5.222222222222222,-0.38
5.225,-0.385
5.227777777777778,-0.39
5.230555555555555,-0.38
5.233333333333333,-0.38
5.236111111111111,-0.37
5.238888888888889,-0.37
5.241666666666666,-0.365
5.2444444444444445,-0.39
5.247222222222222,-0.365
5.25,-0.365
5.252777777777778,-0.36
5.2555555555555555,-0.375
5.258333333333334,-0.38
5.261111111111111,-0.4
5.263888888888889,-0.39
5.266666666666667,-0.375
5.269444444444445,-0.375
5.272222222222222,-0.37
5.275,-0.385
5.277777777777778,-0.39
5.280555555555556,-0.39
5.283333333333333,-0.39
5.286111111111111,-0.39
5.288888888888889,-0.375
5.291666666666667,-0.385
5.294444444444444,-0.395
5.2972222222222225,-0.38
5.3,-0.37
5.302777777777778,-0.375
5.305555555555555,-0.375
5.308333333333334,-0.39
5.311111111111111,-0.405
5.313888888888889,-0.375
5.316666666666666,-0.37
5.319444444444445,-0.36
5.322222222222222,-0.375
5.325,-0.385
5.3277777777777775,-0.38
5.330555555555556,-0.37
5.333333333333333,-0.36
5.336111111111111,-0.345
5.338888888888889,-0.345
5.341666666666667,-0.33
5.344444444444444,-0.33
5.347222222222222,-0.315
5.35,-0.31
5.352777777777778,-0.295
5.355555555555555,-0.285
5.358333333333333,-0.285
5.361111111111111,-0.295
5.363888888888889,-0.28
5.366666666666666,-0.27
5.3694444444444445,-0.28
5.372222222222222,-0.28
5.375,-0.28
5.377777777777778,-0.29
5.3805555555555555,-0.29
5.383333333333334,-0.28
5.386111111111111,-0.275
5.388888888888889,-0.28
5.391666666666667,-0.285
5.394444444444445,-0.29
5.397222222222222,-0.29
5.4,-0.28
5.402777777777778,-0.28
5.405555555555556,-0.285
5.408333333333333,-0.29
5.411111111111111,-0.3
5.413888888888889,-0.295
5.416666666666667,-0.285
5.419444444444444,-0.28
5.4222222222222225,-0.285
5.425,-0.285
5.427777777777778,-0.295
5.430555555555555,-0.285
5.433333333333334,-0.28
5.436111111111111,-0.275
5.438888888888889,-0.28
5.441666666666666,-0.29
5.444444444444445,-0.31
5.447222222222222,-0.305
5.45,-0.285
5.4527777777777775,-0.27
5.455555555555556,-0.27
5.458333333333333,-0.275
5.461111111111111,-0.285
5.463888888888889,-0.285
5.466666666666667,-0.27
5.469444444444444,-0.265
5.472222222222222,-0.265
5.475,-0.265
5.477777777777778,-0.28
5.480555555555555,-0.265
5.483333333333333,-0.245
5.486111111111111,-0.235
5.488888888888889,-0.235
5.491666666666666,-0.25
5.4944444444444445,-0.25
5.497222222222222,-0.245
5.5,-0.215
5.502777777777778,-0.22
5.5055555555555555,-0.245
5.508333333333334,-0.255
5.511111111111111,-0.23
5.513888888888889,-0.205
5.516666666666667,-0.21
5.519444444444445,-0.22
5.522222222222222,-0.23
5.525,-0.24
5.527777777777778,-0.24
5.530555555555556,-0.245
5.533333333333333,-0.25
5.536111111111111,-0.27
5.538888888888889,-0.285
5.541666666666667,-0.315
5.544444444444444,-0.32
5.5472222222222225,-0.32
5.55,-0.31
5.552777777777778,-0.33
5.555555555555555,-0.34
5.558333333333334,-0.345
5.561111111111111,-0.36
5.563888888888889,-0.365
5.566666666666666,-0.36
5.569444444444445,-0.35
5.572222222222222,-0.355
5.575,-0.375
5.5777777777777775,-0.385
5.580555555555556,-0.375
5.583333333333333,-0.37
5.586111111111111,-0.365
5.588888888888889,-0.365
5.591666666666667,-0.37
5.594444444444444,-0.38
5.597222222222222,-0.36
5.6,-0.35
5.602777777777778,-0.355
5.605555555555555,-0.355
5.608333333333333,-0.35
5.611111111111111,-0.365
5.613888888888889,-0.35
5.616666666666666,-0.35
5.6194444444444445,-0.34
5.622222222222222,-0.355
5.625,-0.35
5.627777777777778,-0.375
5.6305555555555555,-0.365
5.633333333333334,-0.375
5.636111111111111,-0.4
5.638888888888889,-0.43
5.641666666666667,-0.475
5.644444444444445,-0.52
5.647222222222222,-0.52
5.65,-0.55
5.652777777777778,-0.57
5.655555555555556,-0.54
5.658333333333333,-0.445
5.661111111111111,-0.305
5.663888888888889,-0.14
5.666666666666667,0.025
5.669444444444444,0.26
5.6722222222222225,0.51
5.675,0.735
5.677777777777778,0.845
5.680555555555555,0.875
5.683333333333334,0.735
5.686111111111111,0.4
5.688888888888889,-0.025
5.691666666666666,-0.335
5.694444444444445,-0.48
5.697222222222222,-0.47
5.7,-0.415
5.7027777777777775,-0.375
5.705555555555556,-0.365
5.708333333333333,-0.385
5.711111111111111,-0.4
5.713888888888889,-0.38
5.716666666666667,-0.39
5.719444444444444,-0.375
5.722222222222222,-0.385
5.725,-0.395
5.727777777777778,-0.405
5.730555555555555,-0.39
5.733333333333333,-0.38
5.736111111111111,-0.385
5.738888888888889,-0.385
5.741666666666666,-0.395
5.7444444444444445,-0.4
5.747222222222222,-0.405
5.75,-0.4
5.752777777777778,-0.39
5.7555555555555555,-0.39
5.758333333333334,-0.395
5.761111111111111,-0.4
5.763888888888889,-0.39
5.766666666666667,-0.385
5.769444444444445,-0.39
5.772222222222222,-0.385
5.775,-0.41
5.777777777777778,-0.42
5.780555555555556,-0.405
5.783333333333333,-0.41
5.786111111111111,-0.39
5.788888888888889,-0.39
5.791666666666667,-0.39
5.794444444444444,-0.4
5.7972222222222225,-0.4
5.8,-0.39
5.802777777777778,-0.375
5.805555555555555,-0.38
5.808333333333334,-0.395
5.811111111111111,-0.4
5.813888888888889,-0.39
5.816666666666666,-0.4
5.819444444444445,-0.39
5.822222222222222,-0.395
5.825,-0.41
5.8277777777777775,-0.415
5.830555555555556,-0.405
5.833333333333333,-0.385
5.836111111111111,-0.385
5.838888888888889,-0.38
5.841666666666667,-0.4
5.844444444444444,-0.4
5.847222222222222,-0.395
5.85,-0.39
5.852777777777778,-0.38
5.855555555555555,-0.375
5.858333333333333,-0.395
5.861111111111111,-0.395
5.863888888888889,-0.385
5.866666666666666,-0.38
5.8694444444444445,-0.375
5.872222222222222,-0.385
5.875,-0.39
5.877777777777778,-0.4
5.8805555555555555,-0.4
5.883333333333334,-0.385
5.886111111111111,-0.38
5.888888888888889,-0.395
5.891666666666667,-0.39
5.894444444444445,-0.4
5.897222222222222,-0.395
5.9,-0.385
5.902777777777778,-0.38
5.905555555555556,-0.385
5.908333333333333,-0.395
5.911111111111111,-0.405
5.913888888888889,-0.4
5.916666666666667,-0.39
5.919444444444444,-0.38
5.9222222222222225,-0.38
5.925,-0.385
5.927777777777778,-0.405
5.930555555555555,-0.395
5.933333333333334,-0.4
5.936111111111111,-0.39
5.938888888888889,-0.4
5.941666666666666,-0.405
5.944444444444445,-0.425
5.947222222222222,-0.42
5.95,-0.405
5.9527777777777775,-0.4
5.955555555555556,-0.405
5.958333333333333,-0.405
5.961111111111111,-0.415
5.963888888888889,-0.4
5.966666666666667,-0.39
5.969444444444444,-0.38
5.972222222222222,-0.385
5.975,-0.395
5.977777777777778,-0.405
5.980555555555555,-0.39
5.983333333333333,-0.37
5.986111111111111,-0.37
5.988888888888889,-0.37
5.991666666666666,-0.385
5.9944444444444445,-0.37
5.997222222222222,-0.355
6.0,-0.345
6.002777777777778,-0.34
6.0055555555555555,-0.335
6.008333333333334,-0.34
6.011111111111111,-0.355
6.013888888888889,-0.335
6.016666666666667,-0.325
6.019444444444445,-0.31
6.022222222222222,-0.305
6.025,-0.305
6.027777777777778,-0.32
6.030555555555556,-0.315
6.033333333333333,-0.31
6.036111111111111,-0.305
6.038888888888889,-0.305
6.041666666666667,-0.33
6.044444444444444,-0.325
6.0472222222222225,-0.345
6.05,-0.325
6.052777777777778,-0.315
6.055555555555555,-0.315
6.058333333333334,-0.305
6.061111111111111,-0.31
6.063888888888889,-0.31
6.066666666666666,-0.3
6.069444444444445,-0.305
6.072222222222222,-0.305
6.075,-0.315
6.0777777777777775,-0.32
6.080555555555556,-0.325
6.083333333333333,-0.315
6.086111111111111,-0.305
6.088888888888889,-0.315
6.091666666666667,-0.325
6.094444444444444,-0.325
6.097222222222222,-0.33
6.1,-0.315
6.102777777777778,-0.315
6.105555555555555,-0.31
6.108333333333333,-0.33
6.111111111111111,-0.34
6.113888888888889,-0.335
6.116666666666666,-0.33
6.1194444444444445,-0.345
6.122222222222222,-0.355
6.125,-0.365
6.127777777777778,-0.37
6.1305555555555555,-0.345
6.133333333333334,-0.34
6.136111111111111,-0.34
6.138888888888889,-0.345
6.141666666666667,-0.36
6.144444444444445,-0.365
6.147222222222222,-0.36
6.15,-0.36
6.152777777777778,-0.345
6.155555555555556,-0.355
6.158333333333333,-0.365
6.161111111111111,-0.35
6.163888888888889,-0.36
6.166666666666667,-0.35
6.169444444444444,-0.34
6.1722222222222225,-0.345
6.175,-0.355
6.177777777777778,-0.37
6.180555555555555,-0.35
6.183333333333334,-0.35
6.186111111111111,-0.35
6.188888888888889,-0.345
6.191666666666666,-0.35
6.194444444444445,-0.355
6.197222222222222,-0.36
6.2,-0.345
6.2027777777777775,-0.355
6.205555555555556,-0.35
6.208333333333333,-0.36
6.211111111111111,-0.37
6.213888888888889,-0.355
6.216666666666667,-0.355
6.219444444444444,-0.35
6.222222222222222,-0.355
6.225,-0.36
6.227777777777778,-0.39
6.230555555555555,-0.385
6.233333333333333,-0.36
6.236111111111111,-0.36
6.238888888888889,-0.37
6.241666666666666,-0.37
6.2444444444444445,-0.39
6.247222222222222,-0.375
6.25,-0.37
6.252777777777778,-0.35
6.2555555555555555,-0.34
6.258333333333334,-0.345
6.261111111111111,-0.36
6.263888888888889,-0.36
6.266666666666667,-0.35
6.269444444444445,-0.35
6.272222222222222,-0.335
6.275,-0.36
6.277777777777778,-0.365
6.280555555555556,-0.365
6.283333333333333,-0.36
6.286111111111111,-0.36
6.288888888888889,-0.365
6.291666666666667,-0.375
6.294444444444444,-0.385
6.2972222222222225,-0.385
6.3,-0.365
6.302777777777778,-0.37
6.305555555555555,-0.375
6.308333333333334,-0.37
6.311111111111111,-0.375
6.313888888888889,-0.365
6.316666666666666,-0.355
6.319444444444445,-0.355
6.322222222222222,-0.36
6.325,-0.365
6.3277777777777775,-0.37
6.330555555555556,-0.36
6.333333333333333,-0.35
6.336111111111111,-0.34
6.338888888888889,-0.345
6.341666666666667,-0.34
6.344444444444444,-0.35
6.347222222222222,-0.345
6.35,-0.35
6.352777777777778,-0.36
6.355555555555555,-0.35
6.358333333333333,-0.36
6.361111111111111,-0.37
6.363888888888889,-0.36
6.366666666666666,-0.36
6.3694444444444445,-0.355
6.372222222222222,-0.36
6.375,-0.375
6.377777777777778,-0.375
6.3805555555555555,-0.37
6.383333333333334,-0.35
6.386111111111111,-0.355
6.388888888888889,-0.36
6.391666666666667,-0.365
6.394444444444445,-0.375
6.397222222222222,-0.37
6.4,-0.365
6.402777777777778,-0.36
6.405555555555556,-0.355
6.408333333333333,-0.36
6.411111111111111,-0.36
6.413888888888889,-0.35
6.416666666666667,-0.34
6.419444444444444,-0.345
6.4222222222222225,-0.345
6.425,-0.355
6.427777777777778,-0.36
6.430555555555555,-0.36
6.433333333333334,-0.365
6.436111111111111,-0.345
6.438888888888889,-0.355
6.441666666666666,-0.35
6.444444444444445,-0.36
6.447222222222222,-0.355
6.45,-0.36
6.4527777777777775,-0.345
6.455555555555556,-0.335
6.458333333333333,-0.33
6.461111111111111,-0.33
6.463888888888889,-0.31
6.466666666666667,-0.305
6.469444444444444,-0.3
6.472222222222222,-0.305
6.475,-0.295
6.477777777777778,-0.305
6.480555555555555,-0.285
6.483333333333333,-0.275
6.486111111111111,-0.265
6.488888888888889,-0.255
6.491666666666666,-0.255
6.4944444444444445,-0.26
6.497222222222222,-0.265
6.5,-0.255
6.502777777777778,-0.255
6.5055555555555555,-0.26
6.508333333333334,-0.28
6.511111111111111,-0.29
6.513888888888889,-0.28
6.516666666666667,-0.27
6.519444444444445,-0.255
6.522222222222222,-0.275
6.525,-0.29
6.527777777777778,-0.32
6.530555555555556,-0.3
6.533333333333333,-0.295
6.536111111111111,-0.27
6.538888888888889,-0.265
6.541666666666667,-0.27
6.544444444444444,-0.285
6.5472222222222225,-0.3
6.55,-0.31
6.552777777777778,-0.315
6.555555555555555,-0.32
6.558333333333334,-0.35
6.561111111111111,-0.37
6.563888888888889,-0.365
6.566666666666666,-0.365
6.569444444444445,-0.365
6.572222222222222,-0.37
6.575,-0.37
6.5777777777777775,-0.37
6.580555555555556,-0.38
6.583333333333333,-0.36
6.586111111111111,-0.375
6.588888888888889,-0.375
6.591666666666667,-0.4
6.594444444444444,-0.42
6.597222222222222,-0.405
6.6,-0.4
6.602777777777778,-0.385
6.605555555555555,-0.38
6.608333333333333,-0.4
6.611111111111111,-0.415
6.613888888888889,-0.405
6.616666666666666,-0.395
6.6194444444444445,-0.395
6.622222222222222,-0.395
6.625,-0.41
6.627777777777778,-0.43
6.6305555555555555,-0.44
6.633333333333334,-0.455
6.636111111111111,-0.49
6.638888888888889,-0.485
6.641666666666667,-0.52
6.644444444444445,-0.57
6.647222222222222,-0.575
6.65,-0.525
6.652777777777778,-0.42
6.655555555555556,-0.305
6.658333333333333,-0.19
6.661111111111111,-0.02
6.663888888888889,0.22
6.666666666666667,0.485
6.669444444444444,0.715
6.6722222222222225,0.845
6.675,0.885
6.677777777777778,0.79
6.680555555555555,0.56
6.683333333333334,0.225
6.686111111111111,-0.07
6.688888888888889,-0.285
6.691666666666666,-0.425
6.694444444444445,-0.5
6.697222222222222,-0.55
6.7,-0.535
6.7027777777777775,-0.5
6.705555555555556,-0.465
6.708333333333333,-0.45
6.711111111111111,-0.45
6.713888888888889,-0.435
6.716666666666667,-0.42
6.719444444444444,-0.41
6.722222222222222,-0.41
6.725,-0.415
6.727777777777778,-0.42
6.730555555555555,-0.425
6.733333333333333,-0.42
6.736111111111111,-0.43
6.738888888888889,-0.43
6.741666666666666,-0.44
6.7444444444444445,-0.45
6.747222222222222,-0.45
6.75,-0.43
6.752777777777778,-0.43
6.7555555555555555,-0.43
6.758333333333334,-0.445
6.761111111111111,-0.445
6.763888888888889,-0.44
6.766666666666667,-0.425
6.769444444444445,-0.43
6.772222222222222,-0.43
6.775,-0.425
6.777777777777778,-0.445
6.780555555555556,-0.445
6.783333333333333,-0.43
6.786111111111111,-0.435
6.788888888888889,-0.435
6.791666666666667,-0.445
6.794444444444444,-0.445
6.7972222222222225,-0.435
6.8,-0.43
6.802777777777778,-0.425
6.805555555555555,-0.43
6.808333333333334,-0.43
6.811111111111111,-0.44
6.813888888888889,-0.42
6.816666666666666,-0.43
6.819444444444445,-0.425
6.822222222222222,-0.43
6.825,-0.44
6.8277777777777775,-0.44
6.830555555555556,-0.43
6.833333333333333,-0.43
6.836111111111111,-0.415
6.838888888888889,-0.425
6.841666666666667,-0.43
6.844444444444444,-0.455
6.847222222222222,-0.445
6.85,-0.445
6.852777777777778,-0.43
6.855555555555555,-0.43
6.858333333333333,-0.44
6.861111111111111,-0.44
6.863888888888889,-0.435
6.866666666666666,-0.43
6.8694444444444445,-0.415
6.872222222222222,-0.415
6.875,-0.425
6.877777777777778,-0.425
6.8805555555555555,-0.42
6.883333333333334,-0.405
6.886111111111111,-0.405
6.888888888888889,-0.415
6.891666666666667,-0.415
6.894444444444445,-0.425
6.897222222222222,-0.43
6.9,-0.405
6.902777777777778,-0.405
6.905555555555556,-0.405
6.908333333333333,-0.405
6.911111111111111,-0.43
6.913888888888889,-0.415
6.916666666666667,-0.41
6.919444444444444,-0.415
6.9222222222222225,-0.43
6.925,-0.445
6.927777777777778,-0.465
6.930555555555555,-0.46
6.933333333333334,-0.45
6.936111111111111,-0.455
6.938888888888889,-0.46
6.941666666666666,-0.465
6.944444444444445,-0.485
6.947222222222222,-0.495
6.95,-0.475
6.9527777777777775,-0.49
6.955555555555556,-0.5
6.958333333333333,-0.495
6.961111111111111,-0.515
6.963888888888889,-0.5
6.966666666666667,-0.485
6.969444444444444,-0.49
6.972222222222222,-0.485
6.975,-0.5
6.977777777777778,-0.5
6.980555555555555,-0.49
6.983333333333333,-0.48
6.986111111111111,-0.46
6.988888888888889,-0.46
6.991666666666666,-0.47
6.9944444444444445,-0.465
6.997222222222222,-0.44
7.0,-0.43
7.002777777777778,-0.425
7.0055555555555555,-0.41
7.008333333333334,-0.41
7.011111111111111,-0.4
7.013888888888889,-0.39
7.016666666666667,-0.38
7.019444444444445,-0.355
7.022222222222222,-0.35
7.025,-0.355
7.027777777777778,-0.35
7.030555555555556,-0.34
7.033333333333333,-0.33
7.036111111111111,-0.325
7.038888888888889,-0.305
7.041666666666667,-0.32
7.044444444444444,-0.315
7.0472222222222225,-0.305
7.05,-0.3
7.052777777777778,-0.305
7.055555555555555,-0.305
7.058333333333334,-0.31
7.061111111111111,-0.33
7.063888888888889,-0.31
7.066666666666666,-0.315
7.069444444444445,-0.315
7.072222222222222,-0.32
7.075,-0.325
7.0777777777777775,-0.325
7.080555555555556,-0.325
7.083333333333333,-0.31
7.086111111111111,-0.31
7.088888888888889,-0.315
7.091666666666667,-0.325
7.094444444444444,-0.33
7.097222222222222,-0.325
7.1,-0.325
7.102777777777778,-0.315
7.105555555555555,-0.32
7.108333333333333,-0.33
7.111111111111111,-0.335
7.113888888888889,-0.33
7.116666666666666,-0.315
7.1194444444444445,-0.32
7.122222222222222,-0.32
7.125,-0.335
7.127777777777778,-0.335
7.1305555555555555,-0.325
7.133333333333334,-0.325
7.136111111111111,-0.32
7.138888888888889,-0.32
7.141666666666667,-0.325
7.144444444444445,-0.35
7.147222222222222,-0.345
7.15,-0.345
7.152777777777778,-0.335
7.155555555555556,-0.345
7.158333333333333,-0.355
7.161111111111111,-0.355
7.163888888888889,-0.355
7.166666666666667,-0.345
7.169444444444444,-0.335
7.1722222222222225,-0.335
7.175,-0.345
7.177777777777778,-0.355
7.180555555555555,-0.34
7.183333333333334,-0.335
7.186111111111111,-0.33
7.188888888888889,-0.335
7.191666666666666,-0.345
7.194444444444445,-0.35
7.197222222222222,-0.35
7.2,-0.34
7.2027777777777775,-0.335
7.205555555555556,-0.33
7.208333333333333,-0.36
7.211111111111111,-0.355
7.213888888888889,-0.345
7.216666666666667,-0.335
7.219444444444444,-0.345
7.222222222222222,-0.35
7.225,-0.36
7.227777777777778,-0.38
7.230555555555555,-0.37
7.233333333333333,-0.345
7.236111111111111,-0.345
7.238888888888889,-0.35
7.241666666666666,-0.355
7.2444444444444445,-0.365
7.247222222222222,-0.36
7.25,-0.345
7.252777777777778,-0.345
7.2555555555555555,-0.35
7.258333333333334,-0.36
7.261111111111111,-0.36
7.263888888888889,-0.35
7.266666666666667,-0.355
7.269444444444445,-0.34
7.272222222222222,-0.345
7.275,-0.355
7.277777777777778,-0.355
7.280555555555556,-0.355
7.283333333333333,-0.34
7.286111111111111,-0.34
7.288888888888889,-0.345
7.291666666666667,-0.365
7.294444444444444,-0.37
7.2972222222222225,-0.35
7.3,-0.33
7.302777777777778,-0.32
7.305555555555555,-0.315
7.308333333333334,-0.295
7.311111111111111,-0.305
7.313888888888889,-0.295
7.316666666666666,-0.3
7.319444444444445,-0.285
7.322222222222222,-0.275
7.325,-0.26
7.3277777777777775,-0.275
7.330555555555556,-0.265
7.333333333333333,-0.26
7.336111111111111,-0.25
7.338888888888889,-0.245
7.341666666666667,-0.255
7.344444444444444,-0.265
7.347222222222222,-0.26
7.35,-0.26
7.352777777777778,-0.25
7.355555555555555,-0.26
7.358333333333333,-0.28
7.361111111111111,-0.28
7.363888888888889,-0.275
7.366666666666666,-0.285
7.3694444444444445,-0.28
7.372222222222222,-0.255
7.375,-0.245
7.377777777777778,-0.245
7.3805555555555555,-0.26
7.383333333333334,-0.285
7.386111111111111,-0.29
7.388888888888889,-0.3
7.391666666666667,-0.32
7.394444444444445,-0.335
7.397222222222222,-0.355
7.4,-0.35
7.402777777777778,-0.355
7.405555555555556,-0.355
7.408333333333333,-0.375
7.411111111111111,-0.385
7.413888888888889,-0.38
7.416666666666667,-0.36
7.419444444444444,-0.35
7.4222222222222225,-0.36
7.425,-0.365
7.427777777777778,-0.37
7.430555555555555,-0.37
7.433333333333334,-0.365
7.436111111111111,-0.36
7.438888888888889,-0.365
7.441666666666666,-0.37
7.444444444444445,-0.385
7.447222222222222,-0.385
7.45,-0.365
7.4527777777777775,-0.36
7.455555555555556,-0.38
7.458333333333333,-0.385
7.461111111111111,-0.395
7.463888888888889,-0.395
7.466666666666667,-0.385
7.469444444444444,-0.38
7.472222222222222,-0.395
7.475,-0.425
7.477777777777778,-0.465
7.480555555555555,-0.5
7.483333333333333,-0.515
7.486111111111111,-0.53
7.488888888888889,-0.56
7.491666666666666,-0.585
7.4944444444444445,-0.53
7.497222222222222,-0.41
7.5,-0.255
7.502777777777778,-0.105
7.5055555555555555,0.105
7.508333333333334,0.355
7.511111111111111,0.6
7.513888888888889,0.81
7.516666666666667,0.89
7.519444444444445,0.83
7.522222222222222,0.58
7.525,0.185
7.527777777777778,-0.205
7.530555555555556,-0.45
7.533333333333333,-0.525
7.536111111111111,-0.495
7.538888888888889,-0.465
7.541666666666667,-0.435
7.544444444444444,-0.415
7.5472222222222225,-0.415
7.55,-0.415
7.552777777777778,-0.4
7.555555555555555,-0.395
7.558333333333334,-0.405
7.561111111111111,-0.425
7.563888888888889,-0.435
7.566666666666666,-0.415
7.569444444444445,-0.415
7.572222222222222,-0.415
7.575,-0.415
7.5777777777777775,-0.43
7.580555555555556,-0.42
7.583333333333333,-0.41
7.586111111111111,-0.405
7.588888888888889,-0.42
7.591666666666667,-0.41
7.594444444444444,-0.42
7.597222222222222,-0.4
7.6,-0.395
7.602777777777778,-0.385
7.605555555555555,-0.4
7.608333333333333,-0.4
7.611111111111111,-0.4
7.613888888888889,-0.4
7.616666666666666,-0.395
7.6194444444444445,-0.4
7.622222222222222,-0.4
7.625,-0.4
7.627777777777778,-0.41
7.6305555555555555,-0.395
7.633333333333334,-0.41
7.636111111111111,-0.4
7.638888888888889,-0.395
7.641666666666667,-0.405
7.644444444444445,-0.41
7.647222222222222,-0.415
7.65,-0.405
7.652777777777778,-0.4
7.655555555555556,-0.395
7.658333333333333,-0.405
7.661111111111111,-0.415
7.663888888888889,-0.405
7.666666666666667,-0.415
7.669444444444444,-0.41
7.6722222222222225,-0.405
7.675,-0.405
7.677777777777778,-0.41
7.680555555555555,-0.405
7.683333333333334,-0.4
7.686111111111111,-0.395
7.688888888888889,-0.405
7.691666666666666,-0.405
7.694444444444445,-0.4
7.697222222222222,-0.395
7.7,-0.39
7.7027777777777775,-0.395
7.705555555555556,-0.39
7.708333333333333,-0.395
7.711111111111111,-0.42
7.713888888888889,-0.415
7.716666666666667,-0.405
7.719444444444444,-0.4
7.722222222222222,-0.4
7.725,-0.415
7.727777777777778,-0.42
7.730555555555555,-0.41
7.733333333333333,-0.395
7.736111111111111,-0.4
7.738888888888889,-0.405
7.741666666666666,-0.415
7.7444444444444445,-0.435
7.747222222222222,-0.415
7.75,-0.415
7.752777777777778,-0.4
7.7555555555555555,-0.405
7.758333333333334,-0.42
7.761111111111111,-0.43
7.763888888888889,-0.425
7.766666666666667,-0.41
7.769444444444445,-0.41
7.772222222222222,-0.405
7.775,-0.415
7.777777777777778,-0.425
7.780555555555556,-0.425
7.783333333333333,-0.42
7.786111111111111,-0.41
7.788888888888889,-0.41
7.791666666666667,-0.42
7.794444444444444,-0.43
7.7972222222222225,-0.425
7.8,-0.42
7.802777777777778,-0.405
7.805555555555555,-0.415
7.808333333333334,-0.41
7.811111111111111,-0.41
7.813888888888889,-0.385
7.816666666666666,-0.37
7.819444444444445,-0.36
7.822222222222222,-0.35
7.825,-0.35
7.8277777777777775,-0.35
7.830555555555556,-0.335
7.833333333333333,-0.32
7.836111111111111,-0.305
7.838888888888889,-0.315
7.841666666666667,-0.315
7.844444444444444,-0.32
7.847222222222222,-0.305
7.85,-0.305
7.852777777777778,-0.295
7.855555555555555,-0.29
7.858333333333333,-0.295
7.861111111111111,-0.295
7.863888888888889,-0.285
7.866666666666666,-0.285
7.8694444444444445,-0.27
7.872222222222222,-0.28
7.875,-0.28
7.877777777777778,-0.295
7.8805555555555555,-0.28
7.883333333333334,-0.285
7.886111111111111,-0.275
7.888888888888889,-0.285
7.891666666666667,-0.295
7.894444444444445,-0.305
7.897222222222222,-0.295
7.9,-0.285
7.902777777777778,-0.285
7.905555555555556,-0.29
7.908333333333333,-0.3
7.911111111111111,-0.31
7.913888888888889,-0.295
7.916666666666667,-0.3
7.919444444444444,-0.29
7.9222222222222225,-0.285
7.925,-0.305
7.927777777777778,-0.31
7.930555555555555,-0.3
7.933333333333334,-0.295
7.936111111111111,-0.305
7.938888888888889,-0.3
7.941666666666666,-0.305
7.944444444444445,-0.32
7.947222222222222,-0.32
7.95,-0.31
7.9527777777777775,-0.3
7.955555555555556,-0.31
7.958333333333333,-0.32
7.961111111111111,-0.34
7.963888888888889,-0.33
7.966666666666667,-0.31
7.969444444444444,-0.315
7.972222222222222,-0.325
7.975,-0.325
7.977777777777778,-0.345
7.980555555555555,-0.33
7.983333333333333,-0.32
7.986111111111111,-0.32
7.988888888888889,-0.335
7.991666666666666,-0.335
7.9944444444444445,-0.355
7.997222222222222,-0.34
8.0,-0.32
8.002777777777778,-0.315
8.005555555555556,-0.33
8.008333333333333,-0.34
8.011111111111111,-0.34
8.01388888888889,-0.35
8.016666666666667,-0.33
8.019444444444444,-0.33
8.022222222222222,-0.34
8.025,-0.35
8.027777777777779,-0.355
8.030555555555555,-0.345
8.033333333333333,-0.335
8.036111111111111,-0.335
8.03888888888889,-0.34
8.041666666666666,-0.34
8.044444444444444,-0.345
8.047222222222222,-0.335
8.05,-0.335
8.052777777777777,-0.325
8.055555555555555,-0.325
8.058333333333334,-0.335
8.061111111111112,-0.34
8.063888888888888,-0.34
8.066666666666666,-0.32
8.069444444444445,-0.315
8.072222222222223,-0.32
8.075,-0.335
8.077777777777778,-0.335
8.080555555555556,-0.32
8.083333333333334,-0.325
8.08611111111111,-0.315
8.088888888888889,-0.32
8.091666666666667,-0.32
8.094444444444445,-0.345
8.097222222222221,-0.335
8.1,-0.32
8.102777777777778,-0.31
8.105555555555556,-0.32
8.108333333333333,-0.32
8.11111111111111,-0.34
8.113888888888889,-0.33
8.116666666666667,-0.32
8.119444444444444,-0.31
8.122222222222222,-0.31
8.125,-0.31
8.127777777777778,-0.295
8.130555555555556,-0.28
8.133333333333333,-0.255
8.136111111111111,-0.25
8.13888888888889,-0.25
8.141666666666667,-0.255
8.144444444444444,-0.26
8.147222222222222,-0.24
8.15,-0.22
8.152777777777779,-0.23
8.155555555555555,-0.23
8.158333333333333,-0.215
8.161111111111111,-0.22
8.16388888888889,-0.225
8.166666666666666,-0.23
8.169444444444444,-0.23
8.172222222222222,-0.235
8.175,-0.245
8.177777777777777,-0.255
8.180555555555555,-0.24
8.183333333333334,-0.235
8.186111111111112,-0.245
8.188888888888888,-0.235
8.191666666666666,-0.23
8.194444444444445,-0.22
8.197222222222223,-0.195
8.2,-0.22
8.202777777777778,-0.245
8.205555555555556,-0.26
8.208333333333334,-0.27
8.21111111111111,-0.29
8.213888888888889,-0.3
8.216666666666667,-0.305
8.219444444444445,-0.305
8.222222222222221,-0.32
8.225,-0.33
8.227777777777778,-0.35
8.230555555555556,-0.35
8.233333333333333,-0.335
8.23611111111111,-0.335
8.238888888888889,-0.335
8.241666666666667,-0.34
8.244444444444444,-0.35
8.247222222222222,-0.35
8.25,-0.345
8.252777777777778,-0.335
8.255555555555556,-0.345
8.258333333333333,-0.355
8.261111111111111,-0.37
8.26388888888889,-0.35
8.266666666666667,-0.345
8.269444444444444,-0.335
8.272222222222222,-0.335
8.275,-0.335
8.277777777777779,-0.355
8.280555555555555,-0.355
8.283333333333333,-0.345
8.286111111111111,-0.355
8.28888888888889,-0.395
8.291666666666666,-0.45
8.294444444444444,-0.48
8.297222222222222,-0.505
8.3,-0.525
8.302777777777777,-0.545
8.305555555555555,-0.5
8.308333333333334,-0.395
8.311111111111112,-0.255
8.313888888888888,-0.07
8.316666666666666,0.145
8.319444444444445,0.425
8.322222222222223,0.685
8.325,0.875
8.327777777777778,0.925